header,original,remake
0–9,13 Assassins (1963),13 Assassins (2010)
0–9,13 Ghosts (1960),Thirteen Ghosts (2001)
0–9,13 Tzameti (2005),13 (2010)
0–9,3 Idiots (2009),Nanban (2012)  3 Idiotas (2017)
0–9,3:10 to Yuma (1957),3:10 to Yuma (2007)
0–9,36 Hours (1965),Breaking Point (1989)
0–9,The 39 Steps (1935),The 39 Steps (1959)  The 39 Steps (1978)  The 39 Steps (2008)
0–9,7th Heaven (1927),Seventh Heaven (1937)
A,Aina (1977),"Aaina (2013)
Pyar Jhukta Nahin (1985)
Nee Bareda Kadambari (1985)"
A,Arth (1982),Arth - The Destination (2017)
A,The Absent-Minded Professor (1961),Flubber (1997)
A,Adventures in Babysitting (1987),Adventures in Babysitting (2016)
A,An Affair to Remember (1957),Bheegi Raat (1965)Mann (1999)
A,Aladdin (1992),Aladdin (2019)
A,Alfie (1966),Alfie (2004)
A,The Amityville Horror (1979),The Amityville Horror (2005)
A,Anastasia (1956),Anastasia (1997)
A,And Soon the Darkness (1970),And Soon the Darkness (2010)
A,Angels in the Outfield (1951),Angels in the Outfield (1994)
A,Anthony Zimmer (2005),The Tourist (2010)
A,Antropophagus (1980),Anthropophagous 2000 (1999)
A,Anything for Her (2008),The Next Three Days (2010)
A,The Apartment (1996),Wicker Park (2004)
A,April Fool's Day (1986),April Fool's Day (2008)
A,Around the World in 80 Days (1956),Around the World in 80 Days (2004)
A,The Arena (1974),The Arena (2001)
A,Arthur (1981),Arthur (2011)
A,Assault on Precinct 13 (1976),Assault on Precinct 13 (2005)
A,Attack of the 50 Foot Woman (1958),Attack of the 50 Ft. Woman (1993)
A,Autograph (2004),Naa Autograph (2004)
A,The Awful Truth (1925),The Awful Truth (1929)   The Awful Truth (1937)
B,Back Street (1932),Back Street (1941)
B,The Bad News Bears (1976),Bad News Bears (2005)
B,The Bad Seed (1956),The Bad Seed (1985)  The Bad Seed (2018)
B,Ball of Fire (1941),A Song Is Born (1948)
B,Bangkok Dangerous (1999),Bangkok Dangerous (2008)
B,The Barefoot Executive (1971),The Barefoot Executive (1995)
B,The Barker (1928),Diamond Horseshoe (1945)
B,The Barretts of Wimpole Street (1934),The Barretts of Wimpole Street (1957)
B,The Bat (1926),The Bat Whispers (1930)
B,The Battle of the Sexes (1914),The Battle of the Sexes (1928)
B,Beauty and the Beast (1991),Beauty and the Beast (2017)
B,Bedazzled (1967),Bedazzled (2000)
B,Bedtime Story (1964),Dirty Rotten Scoundrels (1988)  The Hustle (2019)
B,Ben-Hur: A Tale of the Christ (1925),Ben-Hur (1959)Ben-Hur (2016)
B,Beyond a Reasonable Doubt (1956),Beyond a Reasonable Doubt (2009)
B,The Big Clock (1948),No Way Out (1987)
B,Big Deal on Madonna Street (1958),Crackers (1984)Welcome to Collinwood (2002)
B,Billa (2007),Billa (2009)
B,The Bishop's Wife (1947),The Preacher's Wife (1996)
B,Black Christmas (1974),Black Christmas (2006)Black Christmas (2019)
B,Blazing Saddles (1974),Paws of Fury: The Legend of Hank (2022)
B,Blind (2011),The Witness (2015)
B,The Blob (1958),The Blob (1988)
B,The Blue Angel (1930),The Blue Angel (1959)
B,La bonne année (1973),Happy New Year (1987)
B,Born Yesterday (1950),Born Yesterday (1993)
B,Boudu Saved from Drowning (1932),Down and Out in Beverly Hills (1986)Boudu (2005)
B,Breathless (1960),Breathless (1983)
B,Brewster's Millions (1914),Brewster's Millions (1921)Miss Brewster's Millions (1926)Brewster's Millions (1935)Brewster's Millions (1945)Vaddante Dabbu (1954)Three on a Spree (1961)Babai Abbai (1985)Brewster's Millions (1985)Maalamaal (1988)Arunachalam (1997)To Ryca! (2016)Hello Mr. Billionaire (2018)
B,Brian's Song (1971),Brian's Song (2001)
B,Bride Wars (2009),Bride Wars (2015)
B,Brighton Rock (1948),Brighton Rock (2010)
B,Broadway Bill (1934),Riding High (1950)
B,Brødre (2004),Brothers (2009)
B,The Buccaneer (1938),The Buccaneer (1958)
B,A Bucket of Blood (1959),A Bucket of Blood (1995)
B,The Burmese Harp (1956),The Burmese Harp (1985)
C,Cabin Fever (2002),Cabin Fever (2016)
C,The Cabinet of Dr. Caligari (1920),The Cabinet of Dr. Caligari (2005)
C,La Cage aux Folles (1978),The Birdcage (1996)
C,Can’t Buy Me Love (1987),Love Don't Cost a Thing (2003)
C,Cape Fear (1962),Cape Fear (1991)
C,The Captain's Table (1959),The Captain (1971)
C,Carnival of Souls (1962),Carnival of Souls (1998)
C,Carrie (1976),Carrie (2002)Carrie (2013)
C,The Cat and the Canary (1927),The Cat Creeps (1930)  The Cat and the Canary (1939)  The Cat and the Canary (1979)
C,Cat People (1942),Cat People (1982)
C,The Champ (1931),The Champ (1979)  The Clown (1953)
C,Charade (1963),The Truth About Charlie (2002)
C,Charlotte's Web (1973),Charlotte's Web (2006)
C,Cheaper by the Dozen (1950),Cheaper by the Dozen (2003)Cheaper by the Dozen (2022)
C,Chicken Little (1943),Chicken Little (2005)
C,Child's Play (1988),Child's Play (2019)
C,Chinthamani Kolacase (2006),Ellam Avan Seyal (2008)Sri Mahalakshmi (2007)
C,Christmas Eve (1947),Christmas Eve (1986)
C,Christmas in Connecticut (1945),Christmas in Connecticut (1992)
C,Cinderella (1950),Cinderella (2015)
C,Clash of the Titans (1981),Clash of the Titans (2010)
C,Classmates (2006),Classmates (2007)
C,Les Compères (1983),Fathers' Day (1997)
C,The Computer Wore Tennis Shoes (1969),The Computer Wore Tennis Shoes (1995)
C,Confession of Murder aka Naega salinbeomida (2012),Memoirs of a Murderer aka 22-nenme no kokuhaku: Watashi ga satsujinhan desu (2017)
C,Le Convoyeur (2004),Wrath of Man (2021)
C,Le Corbeau (1943),The 13th Letter (1951)
C,Cousin Cousine (1975),Cousins (1989)
C,The Crazies (1973),The Crazies (2010)
C,Criss Cross (1949),The Underneath (1995)
D,Dehleez (1983),Oonche Log (1985)
D,D.O.A. (1950),D.O.A. (1988)
D,Dark Victory (1939),Stolen Hours (1963)
D,Dark Water (2002),Dark Water (2005)
D,Dawn of the Dead (1978),Dawn of the Dead (2004)
D,The Dawn Patrol (1930),The Dawn Patrol (1938)
D,Day of the Dead (1985),Day of the Dead (2008)  Day of the Dead: Bloodline (2018)
D,The Day of the Jackal (1973),The Jackal (1997)
D,The Day the Earth Stood Still (1951),The Day the Earth Stood Still (2008)
D,Death at a Funeral (2007),Death at a Funeral (2010)
D,Death Game (1977),Knock Knock (2015)
D,Death Race 2000 (1975),Death Race (2008)
D,Death Takes a Holiday (1934),Meet Joe Black (1998)
D,Death Wish (1974),Death Wish (2018)
D,The Debt (2007),The Debt (2010)
D,The Defiant Ones (1958),The Defiant Ones (1986)
D,The Desperado (1954),"Cole Younger, Gunfighter (1958)"
D,The Desperate Hours (1955),Desperate Hours (1990)
D,Destry Rides Again (1939),Frenchie (1950)  Destry (1954)
D,Le Deuxième Souffle (1966),The Second Wind (2007)
D,Les Diaboliques (1955),Diabolique (1996)
D,Dial M for Murder (1954),Dial M for Murder (1967)  Dial M for Murder (1981)  A Perfect Murder (1998)
D,Diversion (1980),Fatal Attraction (1987)
D,Diary of a Wimpy Kid (2010),Diary of a Wimpy Kid (2021)
D,Diary of a Wimpy Kid: Rodrick Rules (2011),Diary of a Wimpy Kid: Rodrick Rules (2022)
D,Don (1978),Yugandhar (1979)  Billa (1980)  Shobhraj (1986)  Don (2006)  Billa (2007)
D,Dona Flor and Her Two Husbands (1976),Kiss Me Goodbye (1982)
D,Don't Look Up (1996),Ghost Theater (2015)
D,Doraemon: Nobita and the Birth of Japan (1989),Doraemon: Nobita and the Birth of Japan 2016 (2016)
D,Doraemon: Nobita and the Steel Troops (1986),Doraemon: Nobita and the New Steel Troops—Winged Angels (2011)
D,Doraemon: Nobita's Dinosaur (1980),Doraemon: Nobita's Dinosaur 2006 (2006)
D,Doraemon: Nobita's Great Adventure into the Underworld (1984),Doraemon: Nobita's New Great Adventure into the Underworld (2007)
D,Doraemon: Nobita's Little Star Wars (1985),Doraemon: Nobita's Little Star Wars 2021 (2022)
D,"Doraemon: The Records of Nobita, Spaceblazer (1981)",Doraemon: The Record of Nobita's Spaceblazer (2009)
D,Double Indemnity (1944),Double Indemnity (1973)
D,Dr. Jekyll and Mr. Hyde (1931),Dr. Jekyll and Mr. Hyde (1941)
D,Dr. Mabuse the Gambler (1922),Dr. M (1990)
D,Dumbo (1941),Dumbo (2019)
D,Dune (1984 film),"Frank Herbert's Dune (2000)
Dune (2021 film)
Dune: Part Two (2023)"
E,Eat Drink Man Woman (1994),Tortilla Soup (2001)
E,Edge of Darkness (mini series) (1985),Edge of Darkness (2010)
E,L'emmerdeur (1973),Buddy Buddy (1981)
E,Elf (2003),Elf: Buddy's Musical Christmas (2014)
E,Escape to Witch Mountain (1975),Escape to Witch Mountain (1995)
E,The Evil Dead (1981),Evil Dead (2013)
E,Das Experiment (2001),The Experiment (2010)
E,The Eye (2002),Naina  (2005)  The Eye (2008)
F,Fame (1980),Fame (2009)
F,The Farmer Takes a Wife (1935),The Farmer Takes a Wife (1953)
F,Father of the Bride (1950),Father of the Bride (1991)Father of the Bride (2022)
F,Father's Little Dividend (1951),Father of the Bride Part II (1995)
F,La Femme Nikita (1990),Black Cat (1991)  Point of No Return (1993)
F,Ferdinand the Bull (1938),Ferdinand (2017)
F,Fingers (1978),The Beat That My Heart Skipped (2005)
F,The Firm (1989),The Firm (2009)
F,Firestarter (1984),Firestarter (2022)
F,Five Came Back (1939),Los que volvieron (1948)  Back from Eternity (1956)
F,Flatliners (1990),Flatliners (2017)
F,The Flight of the Phoenix (1965),Flight of the Phoenix (2004)
F,Flipper (1963),Flipper (1996)
F,The Fly (1958),The Fly (1986)
F,The Fog (1980),The Fog (2005)
F,Folies Bergère de Paris (1935),That Night in Rio (1941)  On the Riviera (1951)
F,Footloose (1984),Footloose (2011)
F,Four Steps in the Clouds (1942),The Virtuous Bigamist (1956)A Walk in the Clouds (1995)
F,Frankenweenie (1984),Frankenweenie (2012)
F,Freaky Friday (1976),Freaky Friday (1995)  Freaky Friday (2003)  Freaky Friday (2018)  Freaky (2020)
F,Free and Easy (1930),Pick a Star (1937)  Abbott and Costello in Hollywood (1945)
F,Fright Night (1985),Fright Night (2011)
F,The Front Page (1931),His Girl Friday (1940)  The Front Page (1974)  Switching Channels (1988)
F,Les Fugitifs (1986),Three Fugitives (1989)
F,Fun with Dick and Jane (1977),Fun with Dick and Jane (2005)
F,Funny Games (1997),Funny Games (2007)
G,Gambit (1966),Gambit (2012)
G,The Gambler (1974),The Gambler (2014)
G,Garde à Vue (1981),Under Suspicion (2000)
G,Gaslight (1940),Gaslight (1944)
G,The General (1926),A Southern Yankee (1948)
G,Get Carter (1971),Get Carter (2000)
G,Gloria (1980),Gloria (1999)
G,The Godfather (1972–90),Shark Tale (2004) Godfather (2007)
G,Going in Style (1979),Going in Style (2017)
G,The Golden Chance (1915),Forbidden Fruit (1921)
G,Gone in 60 Seconds (1974),Gone in 60 Seconds (2000)
G,The Good Companions (1933),The Good Companions (1957)
G,The Goodbye Girl (1977),The Goodbye Girl (2004)
G,The Grand Highway (1987),Paradise (1991)
G,The Great Train Robbery (1941),The Last Bandit (1949)South Pacific Trail (1952)
G,Griffin and Phoenix (1976),Griffin & Phoenix (2006)
G,Guess Who's Coming to Dinner (1967),Guess Who (2005)
G,The Guilty (2018),The Guilty (2021)
G,Gunga Din (1939),Sergeants 3 (1962)
G,A Guy Named Joe (1943),Always (1989)
H,Haq Mehar (1985),Sanam Bewafa (1991)
H,Halloween (1978),Halloween (2007)
H,Happy Days in Aranjuez (1933),Desire (1936)
H,Harakiri (1962),Hara-Kiri: Death of a Samurai (2011)
H,The Haunting (1963),The Haunting (1999)
H,Heat (1986),Wild Card (2015)
H,The Heartbreak Kid (1972),The Heartbreak Kid (2007)
H,Hellraiser (1987),Hellraiser (2022)
H,High Noon (1952),High Noon (2000)
H,High Sierra (1941),Colorado Territory (1949)  I Died a Thousand Times (1955)
H,The Hills Have Eyes (1977),The Hills Have Eyes (2006)
H,Himitsu (1999),The Secret (2007)
H,His Girl Friday (1940),Switching Channels (1988)
H,His Royal Slyness (1920),Long Fliv the King (1926)
H,The Hitcher (1986),The Hitcher (2007)
H,Hodet over vannet (1993),Head Above Water (1996)
H,How the Grinch Stole Christmas (2000),The Grinch (2018)
H,Holiday (1930),Holiday (1938)
H,Holiday Affair (1949),Holiday Affair (1996)
H,Holiday for Henrietta (1952),Paris When It Sizzles (1964)
H,Hoop-La (1933),Diamond Horseshoe (1945)
H,House of Wax (1953),House of Wax (2005).
H,House on Haunted Hill (1959),House on Haunted Hill (1999)
H,The House on Sorority Row (1983),Sorority Row (2009)
H,House of Strangers (1949),Broken Lance (1954)
H,How to Make a Monster (1958),How to Make a Monster (2001)
H,Humanoids from the Deep (1980),Humanoids from the Deep (1996)
H,The Humpbacked Horse (1947),The Humpbacked Horse (1975)
H,The Hurricane (1937),Hurricane (1979)
I,I Am Sam (2001),Main Aisa Hi Hoon (2005)
I,I Married a Monster from Outer Space (1958),I Married a Monster (1998)
I,I Saw What You Did (1965),I Saw What You Did (1988)
I,I Spit on Your Grave (1978),I Spit on Your Grave (2010)
I,I Want to Live! (1958),I Want to Live! (1983)
I,"I Was Born, But... (1932)",Good Morning (1959)
I,Ice Castles (1978),Ice Castles (2010)
I,The Incredible Journey (1963),Homeward Bound: The Incredible Journey (1993)
I,Un indien dans la ville (1994),Jungle 2 Jungle (1997)
I,Infernal Affairs (2002),The Departed (2006)
I,The Informer (1935),Uptight (1968)
I,The Initiation of Sarah (1978),The Initiation of Sarah (2006)
I,The In-Laws (1979),The In-Laws (2003)
I,Insomnia (1997),Insomnia (2002)
I,Intermezzo (1936),Intermezzo (1939)
I,Interview (2003),Interview (2007)
I,The Intouchables (2011),The Upside (2019)
I,Invaders from Mars (1953),Invaders from Mars (1986)
I,Invasion of the Body Snatchers (1956),Invasion of the Body Snatchers (1978)  Body Snatchers (1993)  The Invasion (2007)
I,It Happened on 5th Avenue (1947),Pugree (1948)  Det hændte i København (1949)  Dil Daulat Duniya (1972)
I,It Happened One Night (1934),Eve Knew Her Apples (1945)  You Can't Run Away from It (1956)
I,It Started with Eve (1941),I'd Rather Be Rich (1964)
I,The Italian Job (1969),The Italian Job (2003)
I,It's Alive (1974),It's Alive (2009)
I,It's a Wonderful Life (1946),It Happened One Christmas (1977)
J,The Jazz Singer (1927),The Jazz Singer (1952)  The Jazz Singer (1980)
J,"Joe Smith, American (1942)",The Big Operator (1959)
J,Le Jouet (1976),The Toy (1982)
J,Le Jour se lève (1939),The Long Night (1947)
J,Journey into Fear (1943),Journey into Fear (1975)
J,The Jungle Book (1967),Rudyard Kipling's The Jungle Book (1994)  The Jungle Book (2016)
J,The Jungle Book (1942),The Jungle Book (1967)
K,Kaakha Kaakha (2003),Gharshana (2004)
K,The Karate Kid (1984),The Karate Kid (2010)
K,King Kong (1933),King Kong (1976)  The Mighty Kong (1998)  King Kong (2005)
K,Kismet (1944),Kismet (1955)
K,Kiss of Death (1947),The Fiend Who Walked the West (1958)  Kiss of Death (1995)
K,Kolamba Sanniya (1976),Kolamba Sanniya Returns (2018)
K,Kramer vs. Kramer (1979),Marriage Story (2019)
L,L.A. Takedown (1989),Heat (1995)
L,Lady and the Tramp (1955),Lady and the Tramp (2019)
L,Lady for a Day (1933),Pocketful of Miracles (1961)
L,The Ladykillers (1955),The Ladykillers (2004)
L,The Lady Vanishes (1938),The Lady Vanishes (1979)
L,Lage Raho Munna Bhai (2006),Shankar Dada Zindabad (2007)
L,The Land That Time Forgot (1975),The Land That Time Forgot (2009)
L,Last Holiday (1950),Last Holiday (2006)
L,The Last House on the Left (1972),The Last House on the Left (2009)
L,The Last Kiss (2001),The Last Kiss (2006)
L,The Last Man on Earth (1924),It's Great to Be Alive (1933)
L,The Last Man on Earth (1964),The Omega Man (1971)  I Am Legend (2007)  I Am Omega (2007)
L,The Last Mile (1932),The Last Mile (1959)
L,Last of the Badmen (1957),Gunfight at Comanche Creek (1963)
L,Let the Right One In (2008),Let Me In (2010)
L,The Letter (1940),The Unfaithful (1947)
L,A Letter to Three Wives (1949),A Letter to Three Wives (1985)
L,De Lift (1983),Down (2001)
L,The Lion King (1994),The Lion King (2019)
L,Little Caesar (1931),Black Caesar (1973)
L,Little Fugitive (1953),Little Fugitive (2006)
L,The Little Mermaid (1989),The Little Mermaid (2023)
L,Little Miss Marker (1934),Sorrowful Jones (1949)  Little Miss Marker (1980)
L,The Little Shop of Horrors (1960),Little Shop of Horrors (1986)
L,Loft (2008),Loft (2010)  The Loft (2014)
L,LOL (Laughing Out Loud) (2008),LOL (2012)
L,London After Midnight (1927),Mark of the Vampire (1935)
L,The Longest Yard (1974),Mean Machine (2001)  The Longest Yard (2005)
L,"The Long, Hot Summer (1958)",The Long Hot Summer (1985)
L,Lost Horizon (1937),Lost Horizon (1973)
L,"Louis 19, King of the Airwaves (Louis 19, le roi des ondes) (1994)",EDtv (1999)
L,Love Affair (1939),An Affair to Remember (1957)Love Affair (1994)
L,Love Is News (1937),That Wonderful Urge (1948)
M,Maula Jatt (1979),"Jeene Nahi Doonga (1984)
The Legend of Maula Jatt (2021)"
M,M (1931),M (1951)
M,Mädchen in Uniform (1931),Mädchen in Uniform (1958)
M,The Magnificent Seven (1960),Battle Beyond the Stars (1980)  The Magnificent Seven (2016)
M,The Major and the Minor (1942),You're Never Too Young (1955)
M,The Man Who Knew Too Much (1934),The Man Who Knew Too Much (1956)
M,The Man Who Loved Women (1977),The Man Who Loved Women (1983)
M,The Manchurian Candidate (1962),The Manchurian Candidate (2004)
M,Manichitrathazhu (1993),Apthamitra (2004)  Chandramukhi (2005)  Rajmohol (2005)  Bhool Bhulaiyaa (2007)
M,Il Mare (2000),The Lake House (2006)
M,Mare Nostrum (1926),Mare Nostrum (1948)
M,Maskerade (1934),Escapade (1935)
M,Martyrs (2008),Martyrs (2015)
M,The Mayor of Hell (1933),Crime School (1938)
M,Midnight (1939),Masquerade in Mexico (1945)
M,The Mechanic (1972),The Mechanic (2011)
M,Merton of the Movies (1924),Make Me a Star (1932)
M,Midsommer (2003),Solstice (2008)
M,Midnight Lace (1960),Midnight Lace (1981)
M,Mighty Joe Young (1949),Mighty Joe Young (1998)
M,Miracle in Cell No. 7 (2013),Miracle in Cell No. 7 (Philippine remake) (2019)  Miracle in Cell No. 7 (Turkish remake) (2019)  Miracle in Cell No. 7 (2022 film)
M,The Miracle of Morgan's Creek (1944),Rock-A-Bye Baby (1958)
M,Miracle on 34th Street (1947),Miracle on 34th Street (1973)  Miracle on 34th Street (1994)
M,The Miracle Man (1919),The Miracle Man (1932)
M,Miss Granny (2014),20 Once Again (2015)  Sweet 20 (2015)
M,Mississippi Mermaid (1969),Original Sin (2001)
M,The Magnificent Fraud (1939),Moon over Parador (1988)
M,The More the Merrier (1943),"Walk, Don't Run (1966)"
M,Mostly Martha (2001),No Reservations (2007)
M,Mother's Day (1980),Mother's Day (2010)
M,Mr. Blandings Builds His Dream House (1948),The Money Pit (1986)
M,Mr. Deeds Goes to Town (1936),Mr. Deeds (2002)
M,Mr. Smith Goes to Washington (1939),Billy Jack Goes to Washington (1977)
M,Mulan (1998),Mulan (2020)
M,The Mummy (1932),The Mummy (1999)The Mummy (2017)
M,Munna Bhai M.B.B.S. (2003),Shankar Dada M.B.B.S. (2004) Vasool Raja M.B.B.S. (2004)  Uppi Dada MBBS (2006) Dr. Nawariyan (2017)
M,Murder! (1930),Mary (1931)
M,The Music Man (1962),The Music Man (2003)
M,My Bloody Valentine (1981),My Bloody Valentine 3D (2009)
M,My Father the Hero (1991),My Father the Hero (1994)
M,My Favorite Wife (1940),"Something's Got to Give (unfinished) (1962)  Move Over, Darling (1963)"
M,My Little Pony: Equestria Girls (2013),Turning Red (2022)
M,My Little Pony: The Movie (1986),My Little Pony: The Movie (2017)
M,My Man Godfrey (1936),My Man Godfrey (1957)
M,My Name Is Julia Ross (1945),Dead of Winter (1987)
M,My Sister Eileen (1942),My Sister Eileen (1955)
M,Mystery of the Wax Museum (1933),House of Wax (1953)
N,Naukar Wohti Da (1974),Naukar Biwi Ka (1983)Naukar Vahuti Da (2019)
N,Naadodigal (2009),Shambo Shiva Shambo (2010)Hudugaru (2011)Ithu Nammude Katha (2011)Rangrezz (2013)
N,Nathalie... (2003),Chloe (2009)
N,Nightwatch (1994),Nightwatch (1997)
N,Neuf mois (1994),Nine Months (1995)
N,Night and the City (1950),Night and the City (1992)
N,Night Must Fall (1937),Night Must Fall (1964)
N,Night of the Demons (1988),Night of the Demons (2009)
N,Night of the Living Dead (1968),Night of the Living Dead (1990)Night of the Living Dead 3D (2006)
N,A Nightmare on Elm Street (1984),A Nightmare on Elm Street (2010)
N,Nine Queens (2000),Criminal (2004)
N,Nosferatu (1922),Nosferatu the Vampyre (1979)
N,Not of This Earth (1957),Not of This Earth (1988)Not of This Earth (1995)
N,Nueve Reinas (2000),Criminal (2004)Gulumaal: The Escape (2009)All the Best (2012)
N,The Nutty Professor (1963),The Nutty Professor (1996)
N,Nuvvostanante Nenoddantana (2005),Unakkum Enakkum (2006)Neenello Naanalle (2006)I Love You (2007)Suna Chadhei Mo Rupa Chadhei (2009)Tera Mera Ki Rishta (2009)Nissash Amar Tumi (2010)Ramaiya Vastavaiya (2013)
O,Ocean's 11 (1960),Ocean's Eleven (2001)
O,The Old Dark House (1932),The Old Dark House (1963)
O,Oldboy (2003),Oldboy (2013)
O,The Omen (1976),The Omen (2006)
O,On the Beach (1959),On the Beach (2000)
O,One Hundred and One Dalmatians (1961),101 Dalmatians (1996)
O,The One Million Pound Note (1916),The One Million Pound Note (1954)  A Million to Juan (1994)
O,One Missed Call (2004),One Missed Call (2007)
O,One Sunday Afternoon (1933),The Strawberry Blonde (1941)
O,Open Your Eyes  (1997),Vanilla Sky (2001)
O,Oscar (1967),Oscar (1991)
O,La Otra (1945),Dead Ringer (1964)Killer in the Mirror (1986)
O,The Out-of-Towners (1970),The Out-of-Towners (1999)
O,Out of the Past (1947),Against All Odds (1984)
O,Overboard (1987),Overboard (2018)
P,Bazar e Husan (1988),Pati Patni Aur Tawaif (1990)
P,The Paleface (1948),The Shakiest Gun in the West (1968)
P,Papillon (1973),Papillon (2018)
P,Pardon Mon Affaire (1976),The Woman in Red (1984)
P,The Parent Trap (1961),The Parent Trap (1998)
P,Pathfinder (1987),Pathfinder (2006)
P,Pépé le Moko (1937),Algiers (1938)
P,Le Père Noël est une ordure (1982),Mixed Nuts (1994)
P,Pete's Dragon (1977),Pete's Dragon (2016)
P,Pet Sematary (1989),Pet Sematary (2019)
P,The Phantom Carriage (1921),The Phantom Carriage (1958)
P,The Phantom of the Opera (1925),Song at Midnight (1931)Phantom of the Opera (1943)The Phantom of the Opera (1962)The Phantom of the Opera (1989)Il fantasma dell'opera (1998)
P,The Philadelphia Story (1940),High Society (1956)
P,Pinocchio (1940),Pinocchio (2022)
P,Piranha (1978),Piranha (1995)Piranha 3D (2010)Piranha 3DD (2012)
P,Planet of the Apes (1968),Planet of the Apes (2001)
P,The Plank (1967),The Plank (1979)
P,Point Blank (1967),The Outfit (1973)Payback (1999)
P,Point Break (1991),Point Break (2015)
P,Poltergeist (1982),Poltergeist (2015)
P,Pokémon: The First Movie (1998),Pokémon: Mewtwo Strikes Back—Evolution (2019)
P,Pokiri (2006),Pokkiri (2007)Wanted (2009)Porki (2010)
P,The Poseidon Adventure (1972),The Poseidon Adventure (2005)Poseidon (2006)
P,Prancer (1989),Prancer: A Christmas Tale (2022)
P,A Precocious Girl (1934),Between Us Girls (1942)
P,Premier rendez-vous (1941),Ihr erstes Rendezvous [de] (1955)
P,Pretty Poison (1968),Pretty Poison (1996)
P,The Prisoner of Zenda (1937),The Prisoner of Zenda (1952)
P,The Private War of Major Benson (1955),Major Payne (1995)
P,Profumo di donna (1974),Scent of a Woman (1992)
P,Prom Night (1980),Prom Night (2008)
P,Psycho (1960),Psycho (1998)
P,Pulse (2001),Pulse (2006)
R,Raja Hindustani (1996),Raja Pakistani (1997)
R,Ransom! (1956),Ransom (1996)
R,Rashomon (1950),The Outrage (1964)
R,Rear Window (1954),Rear Window (1998)
R,REC (2007),Quarantine (2008)
R,Red Dawn (1984),Red Dawn (2012)
R,Red Dust (1932),Mogambo (1953)
R,Rendezvous (1935),Pacific Rendezvous (1942)
R,Ringu (1998),The Ring (2002)
R,RoboCop (1987),RoboCop (2014)
R,The Rocky Horror Picture Show (1975),The Rocky Horror Picture Show: Let's Do the Time Warp Again (2016)
R,Rollerball (1975),Rollerball (2002)
R,Roman Holiday (1953),Roman Holiday (1987)
R,The Roman Spring of Mrs. Stone (1961),The Roman Spring of Mrs. Stone (2003)
R,Rome Express (1932),Sleeping Car to Trieste (1948)
R,The Room (2003),The Room remake (2023)
R,Ruggles of Red Gap (1935),Fancy Pants (1950)
R,Run (2002),Run (2004)
R,Runaway Daughters (1956),Runaway Daughters (1994)
S,Sabrina (1954),Sabrina (1995)
S,Sahara (1943),Last of the Comanches (1953)Sahara (1995)
S,Satan's School for Girls (1973),Satan's School for Girls (2000)
S,Scandal Makers (2008),Scandal Maker (2016)
S,Scarface (1932),Scarface (1983)
S,School for Scoundrels (1960),School for Scoundrels (2006)
S,Scooby-Doo (2002),Scoob! (2020)
S,The Secret Life of Walter Mitty (1947),The Secret Life of Walter Mitty (2013)
S,The Secret in Their Eyes (El secreto de sus ojos) (2009),Secret in Their Eyes (2015)
S,Sentimental Journey (1946),The Gift of Love (1958)Sentimental Journey (1984)
S,Seven Chances (1925),The Bachelor (1999)
S,Seven Samurai (1954),The Magnificent Seven (1960)  The Magnificent Seven (2016)
S,Shadow of a Doubt (1943),Step Down to Terror (1958)  Shadow of a Doubt (1991)
S,The Shaggy Dog (1959),The Shaggy Dog (1994)  The Shaggy Dog (2006)
S,Shall We Dance? (1996),Shall We Dance? (2004)
S,Shame (1988),Shame (1992)
S,Shanghai Express (1932),Night Plane from Chungking (1943)Peking Express (1951)
S,Shiva (1989),Shiva (1990)Shiva (2006)
S,Sholay (1975),Aag (2007)
S,The Shop Around the Corner (1940),In the Good Old Summertime (1949)
S,Sideways (2004),Saidoweizu (2009)
S,Sigaw (2004),The Echo (2008)
S,Sisters (1973),Sisters (2006)
S,Siworae (2000),The Lake House (2006)
S,South Pacific (1958),South Pacific (2001)
S,Spring Parade (1934),Spring Parade (1940)
S,Spring in a Small Town (1948),Springtime in a Small Town (2002)
S,The Squaw Man (1914),The Squaw Man (1918)The Squaw Man (1931)
S,Stagecoach (1939),Stagecoach (1966)Stagecoach (1986)
S,A Star Is Born (1937),A Star Is Born (1954)A Star Is Born (1976)A Star Is Born (2018)
S,State Fair (1933),State Fair (1945)State Fair (1962)
S,The Stepfather (1987),The Stepfather (2009)
S,Stepmom (1998),We Are Family (2010)
S,A Story of Floating Weeds (1934),Floating Weeds (1959)
S,Strangers on a Train (1951),Once You Kiss a Stranger (1969)Once You Meet a Stranger (1996)
S,Straw Dogs (1971),Straw Dogs (2011)
S,The Sun Also Rises (1957),The Sun Also Rises (1984)
S,Suspect X aka Yôgisha X no kenshin (2008),Perfect Number aka Yong-eui-ja X (2012)
S,Suspiria (1977),Suspiria (2018)
S,Swamp Water (1941),Lure of the Wilderness (1952)
S,The Swan (1925),The Swan (1956)
S,Sweet November (1968),Sweet November (2001)
S,Swept Away (1974),Swept Away (2002)
T,Taking of Pelham One Two Three (1974),The Taking of Pelham One Two Three (1998)  The Taking of Pelham 123 (2009)
T,The Tall Blond Man with One Black Shoe (1972),The Man with One Red Shoe (1985)
T,Tarzan the Ape Man (1932),"Tarzan, the Ape Man (1959)"
T,Taxi (1998),Taxi (2004)
T,The Ten Commandments (1923),The Ten Commandments (1956)
T,The Texas Chain Saw Massacre (1974),The Texas Chainsaw Massacre (2003)
T,That Darn Cat! (1965),That Darn Cat (1997)
T,Thief of Bagdad (1924),The Thief of Bagdad (1940)  Baghdad Thirudan (1960)  The Thief of Baghdad (1961)  The Thief of Baghdad (1978)
T,The Thing from Another World (1951),The Thing (1982)  The Thing (2011)
T,The Things of Life (1970),Intersection (1994)
T,The Thirteenth Guest (1932),Mystery of the 13th Guest (1943)
T,These Three (1936),The Children's Hour (1961)
T,Thirupaachi (2005),Annavaram (2006)
T,This Gun for Hire (1942),Short Cut to Hell (1957)  This Gun for Hire (1991)
T,The Thomas Crown Affair (1968),The Thomas Crown Affair (1999)
T,These Three (1936),The Children's Hour (1961)
T,Thunderball (1973),Never Say Never Again (1983)
T,The Time Machine (1960),The Time Machine (2002)
T,To Be or Not to Be (1942),To Be or Not to Be (1983)
T,The Toolbox Murders (1978),Toolbox Murders (2004)
T,Total Recall (1990),Total Recall (2012)
T,Tower of London (1939),Tower of London (1962)
T,Trader Horn (1931),Trader Horn (1973)
T,True Grit (1969),True Grit (2010)
T,La Totale! (1991),True Lies (1994)
T,Le jumeau (1984),Two Much (1996)
T,Two Thousand Maniacs! (1964),2001 Maniacs (2005)
U,Unfaithful (2002),Hawas (2004)  Murder (2004)
U,The Unfaithful Wife (1969),Unfaithful (2002)
U,Unfaithfully Yours (1948),Unfaithfully Yours (1984)
U,The Unholy Three (1925),The Unholy Three (1930)
V,Valley Girl (1983),Valley Girl (2020)
V,The Vanishing (1988),The Vanishing (1993)
V,Vanishing Point (1971),Vanishing Point (1997)
V,Victor and Victoria (1933),First a Girl (1935)  Victor and Victoria (1957)  Victor/Victoria (1982)
V,Village of the Damned (1960),Village of the Damned (1995)
V,Vikramarkudu (2006),Ulta Palta 69 (2007)  Veera Madakari (2009)  Siruthai (2011)  Bikram Singha (2012)Rowdy Rathore (2012)
V,The Virginian (1929),The Virginian (1946)
V,Les Visiteurs (1993),Just Visiting (2001)
W,The Wages of Fear (1953),Sorcerer (1977)
W,Walking Tall (1973),Walking Tall (2004)
W,The Wasp Woman (1959),The Wasp Woman (1995)
W,We're No Angels (1955),We're No Angels (1989)
W,When a Stranger Calls (1979),When a Stranger Calls (2006)
W,What Women Want (2000),What Women Want (2011)  What Men Want (2019)
W,Where the Boys Are (1960),Where the Boys Are '84 (1984)
W,The Wicked Lady (1945),The Wicked Lady (1983)
W,The Wicker Man (1973),The Wicker Man (2006)
W,"Wife, Husband and Friend (1939)",Everybody Does It (1949)
W,Willy Wonka & the Chocolate Factory (1971),Charlie and the Chocolate Factory (2005)Tom and Jerry: Willy Wonka and the Chocolate Factory (2017)
W,The Window (1949),The Boy Cried Murder (1966)
W,Wings of Desire (1987),City of Angels (1998)
W,Witness for the Prosecution (1957),Witness for the Prosecution (1982)
W,The Wizard of Oz (1939),Tom and Jerry and the Wizard of Oz (2011)
W,The Wolf Man (1941),The Wolfman (2010)
W,The Women (1939),The Opposite Sex (1956)The Women (2008)
W,Wonderful Nightmare aka Misseu waipeu (2015),Beautiful Accident aka Mei hao de yi wai (2017)
W,World on a Wire (1973),The Thirteenth Floor (1999)
Y,A Yank at Oxford (1938),Oxford Blues (1984)
Y,The Yellow Handkerchief (1977),The Yellow Handkerchief (2008)
Y,Yellow Sky (1948),The Jackals (1967)
Y,Yojimbo (1961),A Fistful of Dollars (1964)Last Man Standing (1996)
Y,"Yours, Mine and Ours (1968)","Yours, Mine & Ours (2005)"
Z,Zero Hour! (1957),Terror in the Sky (1971)
